{"min": [-0.319979, -0.405788, -0.209588], "max": [0.298651, 0.721575, 0.795972]}