{"min": [-0.06875, -0.829399, -0.072824], "max": [0.06583, 0.998944, 0.105516]}