{"min": [-0.339037, -0.39505, -0.568424], "max": [0.344287, 0.460201, 0.960401]}