{"min": [-0.367523, -0.694732, -0.857343], "max": [0.356237, 1.002919, 0.768725]}