{"min": [-0.715496, -0.25335, -0.385356], "max": [0.72249, 0.971227, 0.481138]}