{"min": [-0.721205, -0.557207, -0.920918], "max": [0.732973, 0.69903, 0.84884]}