{"min": [-0.148346, -0.693248, -0.727344], "max": [0.151616, 0.7596, 0.709069]}