{"min": [-0.288556, -0.762474, -0.500165], "max": [0.297954, 1.019246, 0.517985]}